               epoch,      train/box_loss,      train/obj_loss,      train/cls_loss,   metrics/precision,      metrics/recall,     metrics/mAP_0.5,metrics/mAP_0.5:0.95,        val/box_loss,        val/obj_loss,        val/cls_loss,               x/lr0,               x/lr1,               x/lr2
                   0,            0.073023,            0.028757,            0.028314,          0.00056305,             0.19444,           0.0005294,          6.5903e-05,            0.061085,            0.013512,            0.024216,              0.0739,              0.0029,              0.0029
                   1,            0.059789,            0.027763,            0.027081,          0.00095159,             0.34815,           0.0023939,          0.00033955,            0.050925,            0.013439,            0.023474,            0.046871,           0.0058708,           0.0058708
                   2,            0.053692,            0.027572,            0.026314,           0.0044027,                   1,             0.32112,            0.085518,            0.046194,            0.014153,            0.022357,            0.019812,           0.0088119,           0.0088119
                   3,            0.047083,             0.02679,            0.026504,           0.0027183,             0.81759,            0.028746,           0.0047526,             0.05177,           0.0071592,            0.023355,           0.0098515,           0.0098515,           0.0098515
                   4,            0.042845,            0.026985,            0.026587,           0.0033357,                   1,             0.19994,            0.044449,            0.037785,            0.012148,             0.02054,           0.0098515,           0.0098515,           0.0098515
                   5,            0.042828,            0.025599,            0.028502,           0.0033444,                   1,            0.025843,           0.0080056,            0.042853,           0.0077596,            0.021222,            0.009802,            0.009802,            0.009802
                   6,            0.040089,             0.02526,            0.026631,            0.041821,             0.88426,            0.080763,            0.022645,            0.043953,            0.014024,             0.01956,           0.0097525,           0.0097525,           0.0097525
                   7,            0.040245,              0.0237,            0.027345,             0.27682,             0.50749,             0.36604,             0.14513,            0.029176,           0.0098372,             0.02005,            0.009703,            0.009703,            0.009703
                   8,            0.032874,            0.022787,            0.024951,             0.22113,             0.66667,             0.41846,             0.22046,             0.02995,           0.0063491,            0.021323,           0.0096535,           0.0096535,           0.0096535
                   9,             0.03404,             0.02143,            0.027133,              0.1462,             0.81481,             0.31679,             0.15713,            0.022454,            0.005859,            0.020581,            0.009604,            0.009604,            0.009604
                  10,            0.033108,            0.020536,            0.025522,           0.0092379,                   1,             0.42905,             0.22776,            0.022863,           0.0052202,            0.020238,           0.0095545,           0.0095545,           0.0095545
                  11,            0.030838,            0.019409,             0.02564,             0.22056,             0.74074,             0.49352,             0.21559,            0.025236,           0.0049856,            0.020641,            0.009505,            0.009505,            0.009505
                  12,            0.032273,            0.018506,            0.024656,             0.25739,             0.92593,             0.48696,             0.14711,            0.037542,           0.0050273,             0.01973,           0.0094555,           0.0094555,           0.0094555
                  13,            0.030254,            0.019002,            0.026792,             0.48992,             0.66667,             0.51012,             0.15558,            0.028295,           0.0066357,            0.017139,            0.009406,            0.009406,            0.009406
                  14,            0.033015,            0.018813,            0.026519,             0.18564,                   1,             0.41066,              0.1248,            0.027972,           0.0074358,            0.019025,           0.0093565,           0.0093565,           0.0093565
                  15,            0.030697,            0.017204,            0.026073,             0.31601,                   1,             0.53973,             0.19279,            0.025884,           0.0063677,            0.020087,            0.009307,            0.009307,            0.009307
                  16,            0.027063,            0.015985,            0.024774,             0.31444,             0.92593,              0.4563,             0.21914,            0.022773,           0.0052443,            0.018631,           0.0092575,           0.0092575,           0.0092575
                  17,            0.027298,            0.016742,             0.02445,             0.14097,             0.33843,             0.18534,            0.051492,            0.026413,           0.0083108,              0.0187,            0.009208,            0.009208,            0.009208
                  18,            0.030316,            0.016613,            0.026517,             0.20782,             0.53981,             0.30953,             0.16203,            0.024858,            0.005548,            0.018118,           0.0091585,           0.0091585,           0.0091585
                  19,            0.027627,            0.015993,            0.025228,             0.49006,             0.49167,             0.32464,            0.078713,            0.029444,           0.0049148,            0.015976,            0.009109,            0.009109,            0.009109
                  20,            0.030292,             0.01555,            0.026089,             0.54549,             0.70671,               0.534,              0.2211,            0.027768,           0.0034122,            0.016937,           0.0090595,           0.0090595,           0.0090595
                  21,            0.027779,             0.01505,            0.023603,             0.37383,             0.88889,             0.72217,             0.37892,            0.023518,           0.0043468,            0.015012,             0.00901,             0.00901,             0.00901
                  22,            0.031191,            0.015275,            0.026203,             0.58429,             0.40741,             0.57845,             0.27463,            0.023822,            0.004885,            0.015697,           0.0089605,           0.0089605,           0.0089605
                  23,            0.027028,            0.015521,            0.024752,             0.46304,             0.53333,             0.33366,             0.10611,             0.02787,           0.0057225,            0.013985,            0.008911,            0.008911,            0.008911
                  24,            0.027058,            0.014526,             0.02344,             0.71738,             0.58333,             0.79871,             0.36212,            0.026965,           0.0032719,            0.014836,           0.0088615,           0.0088615,           0.0088615
                  25,            0.032056,            0.014993,            0.025703,             0.40945,             0.95372,             0.75732,             0.33506,            0.023385,           0.0049536,            0.015573,            0.008812,            0.008812,            0.008812
                  26,            0.026391,            0.013998,            0.021113,             0.23419,             0.53577,             0.20255,              0.0667,            0.029194,            0.007257,            0.012827,           0.0087625,           0.0087625,           0.0087625
                  27,             0.02712,            0.014323,             0.02182,             0.71709,             0.89259,              0.9246,             0.45891,            0.023368,           0.0036805,            0.011034,            0.008713,            0.008713,            0.008713
                  28,            0.026279,            0.014407,            0.020565,             0.70999,              0.9213,             0.89387,             0.41601,            0.027672,           0.0033641,           0.0082303,           0.0086635,           0.0086635,           0.0086635
                  29,            0.026177,            0.014046,            0.020789,             0.85152,              0.8963,             0.86981,             0.31206,            0.029098,           0.0036932,           0.0064716,            0.008614,            0.008614,            0.008614
                  30,            0.027647,            0.014429,            0.019964,             0.80618,             0.85486,             0.95101,             0.38239,            0.028998,            0.004266,            0.014214,           0.0085645,           0.0085645,           0.0085645
                  31,            0.031918,             0.01404,            0.021459,             0.90278,             0.86998,             0.91886,             0.47493,            0.024447,           0.0035727,           0.0082352,            0.008515,            0.008515,            0.008515
                  32,            0.029752,            0.013914,            0.019534,             0.38096,             0.60795,             0.41072,             0.11046,            0.025285,            0.009275,            0.027905,           0.0084655,           0.0084655,           0.0084655
                  33,            0.024919,             0.01379,             0.01661,             0.57502,                0.25,             0.32288,            0.085346,            0.031424,           0.0087242,            0.043941,            0.008416,            0.008416,            0.008416
                  34,            0.024575,            0.014118,            0.015946,             0.92977,             0.97048,               0.995,             0.49481,            0.025925,           0.0048819,            0.025337,           0.0083665,           0.0083665,           0.0083665
                  35,             0.02587,            0.014039,            0.016746,             0.91345,             0.90524,             0.97449,             0.48568,            0.026202,           0.0034053,            0.043957,            0.008317,            0.008317,            0.008317
                  36,            0.029252,            0.013582,            0.015603,             0.83883,             0.85755,             0.97143,             0.58965,            0.024579,            0.003536,            0.032034,           0.0082675,           0.0082675,           0.0082675
                  37,            0.026203,            0.013608,            0.015245,             0.89535,             0.92608,             0.91926,             0.48121,            0.022132,           0.0039234,            0.015942,            0.008218,            0.008218,            0.008218
                  38,            0.024318,            0.013175,            0.013844,             0.86103,             0.92296,               0.995,             0.56241,            0.023784,           0.0042272,            0.007045,           0.0081685,           0.0081685,           0.0081685
                  39,             0.02829,            0.013117,            0.015937,             0.82236,             0.83861,             0.94533,             0.45915,            0.028153,           0.0042391,            0.024335,            0.008119,            0.008119,            0.008119
                  40,            0.023966,            0.013342,            0.013684,              0.9536,             0.96416,               0.995,             0.49931,            0.029671,           0.0033056,            0.019025,           0.0080695,           0.0080695,           0.0080695
                  41,            0.027425,            0.013445,            0.017014,              0.9826,                   1,               0.995,             0.60612,            0.024283,           0.0036383,           0.0037783,             0.00802,             0.00802,             0.00802
                  42,            0.024123,            0.012719,            0.013145,             0.98023,                   1,               0.995,             0.54846,            0.020995,           0.0029001,           0.0020542,           0.0079705,           0.0079705,           0.0079705
                  43,            0.027069,            0.013407,            0.012956,             0.95274,                   1,             0.98591,             0.56677,            0.023301,           0.0030444,           0.0022991,            0.007921,            0.007921,            0.007921
                  44,            0.026289,            0.013002,            0.012825,             0.92634,             0.96667,             0.98944,             0.42364,            0.023647,           0.0038425,           0.0099855,           0.0078715,           0.0078715,           0.0078715
                  45,            0.026193,            0.013192,            0.014265,             0.96838,                   1,               0.995,             0.54841,            0.020784,           0.0034492,           0.0034172,            0.007822,            0.007822,            0.007822
                  46,            0.025414,            0.012738,            0.012391,             0.95347,             0.96889,               0.995,             0.48946,            0.023188,           0.0035719,           0.0011428,           0.0077725,           0.0077725,           0.0077725
                  47,            0.026516,            0.012525,            0.012364,             0.91289,             0.92963,              0.9661,             0.49508,            0.027229,           0.0030745,           0.0024173,            0.007723,            0.007723,            0.007723
                  48,            0.026218,            0.012398,            0.013693,             0.79493,             0.91352,             0.92082,             0.36755,            0.027952,           0.0027642,           0.0060007,           0.0076735,           0.0076735,           0.0076735
                  49,            0.025043,            0.012047,            0.012477,             0.92441,             0.89742,             0.98731,              0.6419,            0.024419,            0.003019,           0.0044563,            0.007624,            0.007624,            0.007624
                  50,            0.026369,             0.01207,            0.014374,             0.97968,                   1,               0.995,             0.53994,            0.022946,           0.0040405,           0.0019506,           0.0075745,           0.0075745,           0.0075745
                  51,            0.024245,            0.012484,            0.011196,             0.98408,             0.99655,               0.995,             0.60559,            0.021216,           0.0034128,           0.0020431,            0.007525,            0.007525,            0.007525
                  52,            0.023842,            0.012835,            0.012948,             0.97338,                   1,               0.995,              0.5771,            0.020996,           0.0033435,           0.0019375,           0.0074755,           0.0074755,           0.0074755
                  53,            0.021226,            0.012351,            0.011367,             0.98217,                   1,               0.995,             0.61412,            0.021632,           0.0032978,           0.0013095,            0.007426,            0.007426,            0.007426
                  54,            0.024088,            0.012585,            0.011889,             0.96976,                   1,               0.995,             0.55703,            0.021918,           0.0028713,          0.00064859,           0.0073765,           0.0073765,           0.0073765
                  55,            0.024695,            0.012039,            0.011656,             0.98224,                   1,               0.995,             0.44727,            0.024644,           0.0028839,           0.0006855,            0.007327,            0.007327,            0.007327
                  56,            0.021879,            0.012141,            0.010658,             0.97249,                   1,               0.995,             0.44385,             0.02444,           0.0029132,           0.0014574,           0.0072775,           0.0072775,           0.0072775
                  57,            0.024189,            0.011885,             0.01147,             0.97962,                   1,               0.995,             0.60988,            0.020909,           0.0026926,          0.00070667,            0.007228,            0.007228,            0.007228
                  58,            0.021449,            0.011534,             0.00861,              0.9814,                   1,               0.995,             0.62074,            0.020523,           0.0029534,          0.00086203,           0.0071785,           0.0071785,           0.0071785
                  59,            0.022854,            0.012017,           0.0098649,             0.98741,                   1,               0.995,             0.57127,            0.020287,           0.0031528,          0.00061712,            0.007129,            0.007129,            0.007129
                  60,            0.023676,             0.01194,           0.0093325,             0.94432,             0.96667,             0.97917,              0.5369,            0.021843,           0.0040541,           0.0023858,           0.0070795,           0.0070795,           0.0070795
                  61,            0.024454,            0.011653,           0.0097942,             0.97898,                   1,               0.995,              0.6544,            0.019035,           0.0030248,          0.00080152,             0.00703,             0.00703,             0.00703
                  62,            0.021148,            0.011503,           0.0084096,              0.9676,                   1,               0.995,             0.56555,            0.020331,           0.0035049,          0.00079451,           0.0069805,           0.0069805,           0.0069805
                  63,            0.026038,            0.011855,            0.012112,             0.98549,                   1,               0.995,             0.60959,            0.016728,            0.003436,          0.00057206,            0.006931,            0.006931,            0.006931
                  64,            0.023425,             0.01215,            0.010502,             0.97744,                   1,               0.995,             0.66832,            0.018618,           0.0033362,           0.0021446,           0.0068815,           0.0068815,           0.0068815
                  65,            0.021528,            0.011897,           0.0094124,             0.98726,                   1,               0.995,             0.56456,            0.020552,           0.0033754,          0.00057178,            0.006832,            0.006832,            0.006832
                  66,             0.02263,            0.011939,           0.0088823,              0.9545,                   1,               0.995,             0.66048,            0.019402,           0.0027666,            0.000846,           0.0067825,           0.0067825,           0.0067825
                  67,            0.026026,            0.011528,            0.011749,             0.97968,                   1,               0.995,             0.54822,             0.02219,           0.0027351,          0.00089836,            0.006733,            0.006733,            0.006733
                  68,            0.025705,            0.011323,            0.010525,             0.98076,             0.95135,               0.995,             0.51416,            0.021478,           0.0029677,           0.0011261,           0.0066835,           0.0066835,           0.0066835
                  69,            0.022977,            0.011362,            0.010683,             0.93749,             0.98858,               0.995,              0.5709,            0.017694,           0.0030938,            0.011568,            0.006634,            0.006634,            0.006634
                  70,            0.023372,            0.011709,            0.010001,             0.98875,                   1,               0.995,             0.59995,            0.018588,           0.0030429,           0.0028373,           0.0065845,           0.0065845,           0.0065845
                  71,            0.024827,            0.011519,            0.010937,             0.98853,                   1,               0.995,             0.49286,            0.023838,           0.0030197,           0.0051498,            0.006535,            0.006535,            0.006535
                  72,            0.024764,            0.011302,           0.0091436,             0.98567,             0.98582,               0.995,             0.52247,            0.016954,           0.0039791,           0.0057375,           0.0064855,           0.0064855,           0.0064855
                  73,            0.023181,            0.011357,            0.010522,             0.99022,                   1,               0.995,             0.57024,            0.020423,           0.0028758,          0.00078478,            0.006436,            0.006436,            0.006436
                  74,            0.025382,            0.011134,                0.01,             0.98623,                   1,               0.995,             0.56889,            0.019747,           0.0029631,          0.00041399,           0.0063865,           0.0063865,           0.0063865
                  75,            0.021323,            0.011119,           0.0083351,             0.98366,                   1,               0.995,             0.64485,            0.019594,            0.003047,          0.00042593,            0.006337,            0.006337,            0.006337
                  76,            0.021579,            0.011377,           0.0088589,              0.9588,                   1,               0.995,             0.63985,            0.019671,           0.0029123,          0.00080981,           0.0062875,           0.0062875,           0.0062875
                  77,            0.022032,            0.010604,           0.0086201,             0.96627,             0.99141,               0.995,              0.5914,             0.01905,            0.002928,           0.0017507,            0.006238,            0.006238,            0.006238
                  78,            0.022566,            0.011155,           0.0089919,             0.97973,             0.96139,               0.995,             0.61166,            0.022165,           0.0030925,             0.01117,           0.0061885,           0.0061885,           0.0061885
                  79,            0.022884,            0.011463,            0.011859,             0.98727,             0.99513,               0.995,             0.64602,            0.014573,           0.0029656,          0.00047278,            0.006139,            0.006139,            0.006139
                  80,            0.023518,            0.012032,            0.011165,             0.98041,                   1,               0.995,             0.61569,            0.015466,           0.0031322,           0.0004446,           0.0060895,           0.0060895,           0.0060895
                  81,            0.022553,            0.011066,            0.010688,             0.98251,                   1,               0.995,             0.68159,            0.016548,            0.002912,          0.00067635,             0.00604,             0.00604,             0.00604
                  82,            0.022455,            0.010957,           0.0070968,             0.98519,                   1,               0.995,             0.65445,            0.021272,            0.002911,          0.00089321,           0.0059905,           0.0059905,           0.0059905
                  83,            0.021101,            0.010851,           0.0075907,             0.93135,             0.96008,             0.96648,             0.50051,            0.021161,           0.0043275,           0.0081093,            0.005941,            0.005941,            0.005941
                  84,             0.02253,            0.011093,           0.0085787,             0.98981,                   1,               0.995,             0.71368,            0.018771,           0.0024257,           0.0013593,           0.0058915,           0.0058915,           0.0058915
                  85,             0.02209,            0.011168,           0.0087441,              0.9928,             0.98829,               0.995,             0.65188,            0.016347,           0.0035516,          0.00061283,            0.005842,            0.005842,            0.005842
                  86,            0.020382,            0.010926,           0.0082343,             0.96573,             0.99381,               0.995,               0.635,            0.018996,           0.0027028,          0.00083528,           0.0057925,           0.0057925,           0.0057925
                  87,            0.022432,            0.011025,           0.0096477,             0.99041,                   1,               0.995,             0.63403,            0.014677,           0.0030602,          0.00061612,            0.005743,            0.005743,            0.005743
                  88,            0.021702,            0.010506,           0.0088049,             0.98858,                   1,               0.995,             0.58457,            0.016363,           0.0026945,          0.00022209,           0.0056935,           0.0056935,           0.0056935
                  89,            0.023208,            0.011006,            0.010193,             0.96531,                   1,               0.995,             0.47019,            0.022021,           0.0031713,          0.00074558,            0.005644,            0.005644,            0.005644
                  90,             0.02257,            0.011022,            0.010092,             0.93112,             0.96667,             0.96558,             0.38599,            0.023061,           0.0049481,          0.00083628,           0.0055945,           0.0055945,           0.0055945
                  91,            0.021492,            0.011218,           0.0080849,             0.98492,                   1,               0.995,             0.63229,            0.016472,           0.0027614,          0.00064774,            0.005545,            0.005545,            0.005545
                  92,             0.02368,            0.010978,            0.011522,              0.9884,                   1,               0.995,             0.72205,            0.015988,           0.0026898,           0.0010099,           0.0054955,           0.0054955,           0.0054955
                  93,            0.020555,            0.010579,            0.008314,             0.98269,                   1,               0.995,             0.63119,            0.017332,           0.0031797,           0.0012288,            0.005446,            0.005446,            0.005446
                  94,            0.019965,            0.010966,           0.0071322,             0.98049,                   1,               0.995,             0.71188,            0.014343,           0.0028909,          0.00093069,           0.0053965,           0.0053965,           0.0053965
                  95,             0.02064,            0.010623,           0.0069217,             0.98882,                   1,               0.995,             0.72919,             0.01538,           0.0029483,           0.0010324,            0.005347,            0.005347,            0.005347
                  96,            0.022753,            0.011116,           0.0083581,             0.99261,                   1,               0.995,             0.65538,            0.014305,           0.0031902,          0.00064373,           0.0052975,           0.0052975,           0.0052975
                  97,             0.02083,            0.010517,           0.0079795,             0.89098,             0.93585,               0.975,             0.42262,            0.021788,           0.0066501,          0.00054116,            0.005248,            0.005248,            0.005248
                  98,            0.021669,            0.010868,           0.0072273,             0.98984,                   1,               0.995,             0.60237,            0.015552,           0.0032839,          0.00037165,           0.0051985,           0.0051985,           0.0051985
                  99,            0.020909,            0.010355,           0.0078822,             0.98871,             0.99972,               0.995,             0.65831,             0.01399,           0.0026186,          0.00032516,            0.005149,            0.005149,            0.005149
                 100,            0.019199,            0.010628,            0.007402,             0.99054,                   1,               0.995,             0.67548,            0.014605,           0.0024785,            0.001151,           0.0050995,           0.0050995,           0.0050995
                 101,            0.020524,            0.010072,           0.0071845,             0.99317,                   1,               0.995,             0.66053,            0.015624,           0.0025662,          0.00063429,             0.00505,             0.00505,             0.00505
                 102,            0.018485,            0.010752,           0.0065042,             0.95666,             0.93352,             0.99197,             0.62254,            0.017097,           0.0024606,            0.001855,           0.0050005,           0.0050005,           0.0050005
                 103,            0.022484,            0.010259,           0.0079859,              0.9805,                   1,               0.995,             0.64867,            0.016972,           0.0023803,          0.00036879,            0.004951,            0.004951,            0.004951
                 104,            0.021573,            0.010842,           0.0088638,             0.98695,                   1,               0.995,             0.60375,            0.018474,           0.0024185,          0.00044689,           0.0049015,           0.0049015,           0.0049015
                 105,            0.019602,            0.010525,           0.0058996,             0.94872,             0.89717,             0.99197,             0.49573,            0.020269,           0.0035847,           0.0031115,            0.004852,            0.004852,            0.004852
                 106,            0.019977,            0.010651,           0.0086097,             0.97554,             0.99439,               0.995,             0.62882,             0.01461,           0.0024991,          0.00049181,           0.0048025,           0.0048025,           0.0048025
                 107,            0.019826,            0.010042,           0.0098438,             0.99091,                   1,               0.995,             0.70398,            0.015398,           0.0028036,          0.00034132,            0.004753,            0.004753,            0.004753
                 108,            0.017869,            0.010727,           0.0064067,             0.98278,             0.94147,               0.995,             0.61906,             0.01602,           0.0025826,           0.0036718,           0.0047035,           0.0047035,           0.0047035
                 109,            0.020422,            0.010536,           0.0096041,              0.9888,                   1,               0.995,             0.65624,            0.016491,           0.0028057,          0.00044832,            0.004654,            0.004654,            0.004654
                 110,            0.022949,             0.01044,           0.0093409,              0.9817,                   1,               0.995,             0.61052,              0.0168,           0.0027612,          0.00050633,           0.0046045,           0.0046045,           0.0046045
                 111,             0.01985,             0.01092,           0.0082871,              0.9851,                   1,               0.995,             0.61042,            0.016233,           0.0024903,          0.00027788,            0.004555,            0.004555,            0.004555
                 112,            0.018942,           0.0099612,           0.0067705,             0.98964,                   1,               0.995,             0.64055,            0.016636,           0.0023907,          0.00030406,           0.0045055,           0.0045055,           0.0045055
                 113,            0.022147,            0.010295,           0.0096758,              0.9885,                   1,               0.995,             0.68829,            0.014308,           0.0025597,          0.00021307,            0.004456,            0.004456,            0.004456
                 114,            0.020148,             0.01067,           0.0073991,             0.97556,             0.96756,               0.995,             0.63728,              0.0183,           0.0026079,          0.00075699,           0.0044065,           0.0044065,           0.0044065
                 115,            0.018753,            0.010072,           0.0065813,             0.99211,                   1,               0.995,             0.63287,            0.016555,           0.0025349,          0.00012503,            0.004357,            0.004357,            0.004357
                 116,            0.019117,            0.010614,           0.0073122,             0.98115,                   1,               0.995,             0.68264,            0.014894,           0.0023931,          0.00038724,           0.0043075,           0.0043075,           0.0043075
                 117,            0.020017,            0.010654,           0.0069477,             0.97192,                   1,               0.995,             0.72445,            0.015549,           0.0024304,           0.0002223,            0.004258,            0.004258,            0.004258
                 118,            0.019334,            0.010219,           0.0077198,              0.9883,              0.9809,               0.995,             0.55057,             0.01882,           0.0028542,          0.00062184,           0.0042085,           0.0042085,           0.0042085
                 119,            0.019205,            0.010664,           0.0081737,             0.98492,                   1,               0.995,              0.6565,            0.015622,           0.0026447,           0.0004823,            0.004159,            0.004159,            0.004159
                 120,            0.018437,            0.010259,           0.0059371,             0.98718,                   1,               0.995,             0.70554,            0.016183,           0.0023966,           0.0003695,           0.0041095,           0.0041095,           0.0041095
                 121,            0.019575,            0.010465,           0.0079374,             0.98731,                   1,               0.995,             0.67735,            0.015579,           0.0025697,          0.00015328,             0.00406,             0.00406,             0.00406
                 122,             0.02022,            0.010325,           0.0064261,             0.98061,                   1,               0.995,             0.64309,            0.017694,           0.0025204,          0.00015811,           0.0040105,           0.0040105,           0.0040105
                 123,            0.020336,           0.0099403,           0.0085985,             0.97305,             0.87758,             0.95217,             0.55685,             0.02077,           0.0038911,          0.00026586,            0.003961,            0.003961,            0.003961
                 124,              0.0193,            0.010113,           0.0067715,             0.97301,             0.99378,               0.995,             0.64698,            0.016992,           0.0028746,          0.00024705,           0.0039115,           0.0039115,           0.0039115
                 125,            0.020188,            0.010555,           0.0076471,             0.98203,             0.99694,               0.995,             0.68048,            0.016114,           0.0025318,          0.00017309,            0.003862,            0.003862,            0.003862
                 126,            0.019593,            0.010161,           0.0065066,             0.97038,                   1,               0.995,             0.69408,             0.01643,            0.002558,          0.00025513,           0.0038125,           0.0038125,           0.0038125
                 127,            0.019441,            0.010333,           0.0061052,             0.98889,                   1,               0.995,              0.6851,            0.014504,           0.0025373,          0.00010264,            0.003763,            0.003763,            0.003763
                 128,            0.019203,           0.0097713,           0.0062969,             0.98519,                   1,               0.995,             0.59488,            0.016435,           0.0023376,           0.0001065,           0.0037135,           0.0037135,           0.0037135
                 129,            0.020359,            0.011349,           0.0083563,             0.97218,             0.99668,               0.995,             0.67664,            0.015246,            0.002443,          0.00013039,            0.003664,            0.003664,            0.003664
                 130,            0.019604,           0.0098726,           0.0066121,             0.98456,                   1,               0.995,             0.62688,            0.016911,           0.0024856,          0.00028721,           0.0036145,           0.0036145,           0.0036145
                 131,            0.021558,             0.01016,           0.0072998,             0.98697,                   1,               0.995,             0.62909,            0.016332,           0.0028292,          0.00016379,            0.003565,            0.003565,            0.003565
                 132,            0.019089,            0.010251,           0.0073289,             0.97271,                   1,               0.995,             0.57962,            0.015385,           0.0040079,          0.00046477,           0.0035155,           0.0035155,           0.0035155
                 133,             0.01763,           0.0098745,           0.0075598,             0.98885,                   1,               0.995,             0.70888,            0.014509,           0.0024008,           0.0001536,            0.003466,            0.003466,            0.003466
                 134,            0.021227,            0.010622,            0.009045,             0.98912,                   1,               0.995,             0.65791,            0.016584,           0.0025532,          0.00020968,           0.0034165,           0.0034165,           0.0034165
                 135,              0.0196,            0.010282,           0.0082118,             0.99247,                   1,               0.995,             0.61662,            0.018373,           0.0029078,          0.00028342,            0.003367,            0.003367,            0.003367
                 136,            0.020161,            0.010237,           0.0080327,             0.98979,                   1,               0.995,             0.66225,            0.017533,           0.0025899,          0.00018021,           0.0033175,           0.0033175,           0.0033175
                 137,            0.020351,           0.0099099,           0.0088927,             0.97894,                   1,               0.995,             0.64519,            0.018607,           0.0026461,          0.00030012,            0.003268,            0.003268,            0.003268
                 138,            0.020243,            0.010213,           0.0066635,             0.95966,                   1,               0.995,             0.67073,            0.017004,           0.0026854,          0.00038552,           0.0032185,           0.0032185,           0.0032185
                 139,            0.018133,           0.0099298,           0.0053966,             0.98533,                   1,               0.995,             0.65981,            0.015638,           0.0024618,          8.2219e-05,            0.003169,            0.003169,            0.003169
                 140,            0.021272,            0.010416,           0.0076977,             0.98454,                   1,               0.995,             0.70024,            0.013116,           0.0025605,           0.0001388,           0.0031195,           0.0031195,           0.0031195
                 141,            0.019762,           0.0096924,           0.0079448,             0.99112,                   1,               0.995,             0.72947,             0.01504,           0.0024631,          0.00016519,             0.00307,             0.00307,             0.00307
                 142,            0.020986,            0.010207,           0.0098077,             0.98388,                   1,               0.995,             0.60126,            0.016222,           0.0028302,           0.0003386,           0.0030205,           0.0030205,           0.0030205
                 143,            0.017749,           0.0098284,           0.0053617,             0.98056,             0.96296,             0.97483,             0.69561,            0.017428,           0.0024011,          0.00017717,            0.002971,            0.002971,            0.002971
                 144,            0.020484,            0.010214,           0.0079598,             0.98918,                   1,               0.995,             0.69476,            0.014846,           0.0023595,          0.00013887,           0.0029215,           0.0029215,           0.0029215
                 145,            0.020709,           0.0094809,           0.0063394,             0.98953,                   1,               0.995,             0.64781,              0.0157,           0.0023561,          0.00026586,            0.002872,            0.002872,            0.002872
                 146,            0.020157,           0.0098289,           0.0062313,             0.98855,                   1,               0.995,             0.71797,             0.01485,           0.0023863,          0.00033066,           0.0028225,           0.0028225,           0.0028225
                 147,            0.019003,           0.0096117,           0.0053192,             0.98853,                   1,               0.995,              0.7253,            0.016245,           0.0023474,          0.00015914,            0.002773,            0.002773,            0.002773
                 148,            0.020079,           0.0095215,           0.0071207,             0.99167,                   1,               0.995,             0.71626,            0.015938,           0.0024337,          0.00015403,           0.0027235,           0.0027235,           0.0027235
                 149,            0.018775,           0.0097297,           0.0067785,             0.98821,                   1,               0.995,             0.68308,            0.017803,           0.0026597,          0.00023746,            0.002674,            0.002674,            0.002674
                 150,            0.019466,            0.010058,           0.0065791,             0.95502,             0.96322,               0.995,             0.57306,            0.018802,           0.0035552,           0.0030006,           0.0026245,           0.0026245,           0.0026245
                 151,            0.017262,            0.009674,           0.0050106,             0.98593,                   1,               0.995,             0.67714,            0.017563,           0.0025656,          0.00045683,            0.002575,            0.002575,            0.002575
                 152,               0.021,           0.0097714,           0.0080662,             0.99051,                   1,               0.995,             0.70136,            0.017273,           0.0024688,          0.00037744,           0.0025255,           0.0025255,           0.0025255
                 153,            0.020001,           0.0096882,           0.0068379,             0.98083,                   1,               0.995,             0.70875,            0.015173,           0.0023894,          0.00040884,            0.002476,            0.002476,            0.002476
                 154,            0.018479,           0.0094417,           0.0058952,             0.98576,                   1,               0.995,             0.68991,            0.014902,           0.0024469,          0.00014445,           0.0024265,           0.0024265,           0.0024265
                 155,            0.016811,           0.0090074,           0.0052631,              0.9893,                   1,               0.995,             0.65137,            0.012859,           0.0024995,          0.00020814,            0.002377,            0.002377,            0.002377
                 156,            0.017904,           0.0094165,           0.0062495,             0.99162,                   1,               0.995,             0.64168,            0.013622,           0.0025127,          0.00028646,           0.0023275,           0.0023275,           0.0023275
                 157,            0.018763,           0.0088495,           0.0055298,             0.99339,                   1,               0.995,             0.67388,            0.013654,           0.0026813,          0.00034944,            0.002278,            0.002278,            0.002278
                 158,            0.018953,           0.0089971,           0.0080179,             0.98251,                   1,               0.995,             0.67242,            0.015681,           0.0026653,           0.0006261,           0.0022285,           0.0022285,           0.0022285
                 159,            0.019255,           0.0093462,           0.0084274,             0.98967,             0.99989,               0.995,              0.6247,            0.014663,           0.0027416,          0.00045547,            0.002179,            0.002179,            0.002179
                 160,            0.017855,           0.0099232,           0.0064627,             0.98884,                   1,               0.995,             0.69677,             0.01529,           0.0025076,          0.00017191,           0.0021295,           0.0021295,           0.0021295
                 161,            0.018053,           0.0093024,            0.004419,             0.98949,                   1,               0.995,             0.71057,            0.016222,           0.0024394,          0.00018929,             0.00208,             0.00208,             0.00208
                 162,            0.017221,           0.0096383,           0.0071874,              0.9937,                   1,               0.995,             0.73984,            0.014781,           0.0024871,          0.00013933,           0.0020305,           0.0020305,           0.0020305
                 163,            0.016961,           0.0094937,           0.0046433,              0.9876,                   1,               0.995,              0.7227,            0.014835,           0.0024806,          0.00014927,            0.001981,            0.001981,            0.001981
                 164,            0.018755,           0.0098857,           0.0060971,             0.99049,                   1,               0.995,             0.71723,            0.016214,            0.002602,          0.00021887,           0.0019315,           0.0019315,           0.0019315
                 165,            0.017053,            0.009361,           0.0057617,             0.99147,                   1,               0.995,             0.70872,            0.015178,           0.0026348,          0.00026457,            0.001882,            0.001882,            0.001882
                 166,            0.017334,            0.009578,            0.006095,              0.9921,                   1,               0.995,             0.70381,            0.015822,           0.0025542,          0.00018082,           0.0018325,           0.0018325,           0.0018325
                 167,            0.019081,           0.0095122,           0.0057345,             0.99219,                   1,               0.995,             0.69673,             0.01471,           0.0023973,          0.00015943,            0.001783,            0.001783,            0.001783
                 168,            0.018623,           0.0097474,           0.0055141,             0.99158,                   1,               0.995,             0.71022,            0.013937,           0.0023527,          0.00014538,           0.0017335,           0.0017335,           0.0017335
                 169,            0.019566,           0.0094193,            0.006431,             0.99103,                   1,               0.995,             0.73088,            0.014908,           0.0023037,          0.00011122,            0.001684,            0.001684,            0.001684
                 170,             0.01895,           0.0095504,           0.0068479,             0.99283,                   1,               0.995,             0.68967,            0.014851,           0.0024797,           0.0001183,           0.0016345,           0.0016345,           0.0016345
                 171,             0.01775,           0.0091912,           0.0045283,             0.97592,                   1,               0.995,             0.72297,            0.015558,           0.0023738,          0.00016744,            0.001585,            0.001585,            0.001585
                 172,             0.01743,           0.0091028,           0.0054135,             0.98543,                   1,               0.995,             0.74955,            0.015506,           0.0023047,          0.00013145,           0.0015355,           0.0015355,           0.0015355
                 173,            0.016233,           0.0091896,           0.0052361,             0.98953,                   1,               0.995,             0.72396,            0.016978,           0.0023972,          0.00014495,            0.001486,            0.001486,            0.001486
                 174,            0.017356,           0.0090195,           0.0054048,             0.98926,                   1,               0.995,             0.67616,            0.015919,           0.0023656,          0.00012739,           0.0014365,           0.0014365,           0.0014365
                 175,            0.018842,           0.0093788,           0.0062564,             0.98927,                   1,               0.995,             0.71255,            0.016041,           0.0025713,          0.00018904,            0.001387,            0.001387,            0.001387
                 176,            0.018008,           0.0095296,            0.005144,             0.99385,                   1,               0.995,             0.72525,            0.016859,           0.0023789,          0.00020996,           0.0013375,           0.0013375,           0.0013375
                 177,            0.017638,            0.009625,           0.0046113,             0.98485,             0.99751,               0.995,              0.6697,            0.015846,           0.0028611,           0.0004941,            0.001288,            0.001288,            0.001288
                 178,            0.016524,           0.0091048,           0.0043645,             0.99266,                   1,               0.995,             0.66371,            0.015078,           0.0027047,          0.00026128,           0.0012385,           0.0012385,           0.0012385
                 179,            0.016397,           0.0093407,           0.0049043,             0.99266,                   1,               0.995,             0.68591,            0.015481,           0.0023553,          9.0337e-05,            0.001189,            0.001189,            0.001189
                 180,              0.0169,           0.0092756,            0.007081,             0.99318,                   1,               0.995,             0.68525,             0.01604,           0.0023553,          9.8312e-05,           0.0011395,           0.0011395,           0.0011395
                 181,            0.017848,           0.0092102,           0.0059346,             0.99204,                   1,               0.995,              0.6898,            0.014501,           0.0025697,          0.00010306,             0.00109,             0.00109,             0.00109
                 182,            0.017281,           0.0088741,           0.0050267,             0.99344,                   1,               0.995,               0.718,            0.014003,           0.0024837,          0.00013411,           0.0010405,           0.0010405,           0.0010405
                 183,            0.017253,           0.0090318,           0.0060668,             0.99244,                   1,               0.995,             0.71251,            0.013164,           0.0023499,          0.00017411,            0.000991,            0.000991,            0.000991
                 184,            0.018018,           0.0093417,           0.0049342,             0.99168,                   1,               0.995,             0.71875,             0.01234,           0.0023773,          0.00012791,           0.0009415,           0.0009415,           0.0009415
                 185,            0.021123,           0.0097731,           0.0063957,             0.95836,             0.96296,              0.9638,             0.70289,            0.015494,            0.002566,          0.00011001,            0.000892,            0.000892,            0.000892
                 186,            0.015342,            0.009681,            0.003292,             0.97886,             0.96296,             0.96344,             0.70821,            0.017029,           0.0024484,          0.00014734,           0.0008425,           0.0008425,           0.0008425
                 187,            0.017248,           0.0088529,           0.0054577,             0.98825,                   1,               0.995,             0.71753,            0.014867,           0.0023593,          0.00012612,            0.000793,            0.000793,            0.000793
                 188,             0.01667,           0.0091057,           0.0047792,             0.99175,                   1,               0.995,             0.70743,            0.014315,           0.0023773,          0.00012354,           0.0007435,           0.0007435,           0.0007435
                 189,            0.016233,           0.0091811,           0.0040173,             0.99409,                   1,               0.995,             0.71077,            0.013992,           0.0023975,           0.0001524,            0.000694,            0.000694,            0.000694
                 190,            0.016445,           0.0089815,           0.0049498,              0.9886,                   1,               0.995,             0.70781,            0.013137,           0.0023898,          0.00012785,           0.0006445,           0.0006445,           0.0006445
                 191,            0.017467,           0.0094101,           0.0069055,             0.98682,                   1,               0.995,             0.69145,            0.014279,           0.0023668,          0.00013896,            0.000595,            0.000595,            0.000595
                 192,            0.016361,           0.0088973,           0.0045113,             0.98951,                   1,               0.995,             0.70894,            0.015188,           0.0023056,          0.00015187,           0.0005455,           0.0005455,           0.0005455
                 193,            0.016023,           0.0086815,            0.006071,             0.99054,                   1,               0.995,             0.72612,              0.0151,           0.0022784,          0.00014673,            0.000496,            0.000496,            0.000496
                 194,            0.017352,           0.0091476,           0.0053992,             0.98974,                   1,               0.995,             0.72288,            0.014334,           0.0022836,          0.00011171,           0.0004465,           0.0004465,           0.0004465
                 195,            0.017007,           0.0087433,           0.0045021,             0.98889,                   1,               0.995,             0.71908,            0.013698,           0.0022955,          0.00010787,            0.000397,            0.000397,            0.000397
                 196,            0.018337,           0.0094377,           0.0054475,             0.98869,                   1,               0.995,             0.72495,            0.014051,           0.0023314,          0.00010029,           0.0003475,           0.0003475,           0.0003475
                 197,            0.015683,           0.0087032,           0.0044753,             0.98884,                   1,               0.995,              0.7211,            0.013917,           0.0023336,          0.00011897,            0.000298,            0.000298,            0.000298
                 198,            0.017359,           0.0086112,           0.0039037,             0.98942,                   1,               0.995,             0.70943,            0.013972,           0.0023403,          0.00012851,           0.0002485,           0.0002485,           0.0002485
                 199,            0.017383,           0.0087067,           0.0049292,             0.98955,                   1,               0.995,             0.71797,             0.01401,           0.0023527,          0.00010892,            0.000199,            0.000199,            0.000199
